{
  "Seasonal-Naive": {
    "mae_mean": 5060.241071428572,
    "mae_std": 1378.156471434491,
    "rmse_mean": 6479.714979176548,
    "rmse_std": 1482.5682144040684,
    "mape_mean": 13.901047438975695,
    "mape_std": 3.588569932837596
  },
  "SARIMAX-Fourier": {
    "mae_mean": 4891.536717561633,
    "mae_std": 837.3323513294504,
    "rmse_mean": 6131.816656464082,
    "rmse_std": 792.9466269781942,
    "mape_mean": 13.726907684359816,
    "mape_std": 3.555703019308768
  },
  "Prophet": {
    "mae_mean": 4317.424570365247,
    "mae_std": 718.6377305048084,
    "rmse_mean": 5298.46240193856,
    "rmse_std": 864.5866408318261,
    "mape_mean": 12.965179348805329,
    "mape_std": 2.246574218887763
  }
}